device_id,pollution,timestamp,lat,lon
801F02000010,14,2016-12-17T09:25:00Z,25.062,121.451
74DA38A86962,44,2016-12-05T08:55:00Z,37.471,127.04
74DA38A86960,18,2016-12-17T09:25:00Z,35.205,128.114
74DA38A8695E,16,2016-12-17T09:25:00Z,35.219,128.579
74DA38A8695C,20,2016-12-17T09:25:00Z,35.237,128.545
74DA38A8695A,12,2016-12-17T09:25:00Z,34.897,128.693
74DA38A86958,51,2016-12-17T09:25:00Z,35.374,129.027
74DA38A86956,39,2016-12-17T09:25:00Z,35.374,129.028
74DA38A86954,26,2016-12-17T09:25:00Z,35.415,129.068
74DA38A86952,30,2016-12-17T09:25:00Z,35.219,128.579
74DA38A86950,15,2016-12-17T09:25:00Z,34.971,127.795
74DA38A8694C,16,2016-12-17T09:25:00Z,34.948,127.783
74DA38A8694A,26,2016-12-17T09:25:00Z,35.205,128.698
74DA38A86948,62,2016-12-17T09:25:00Z,35.273,128.457
74DA38A86946,27,2016-12-17T09:25:00Z,34.929,128.121
74DA38A86944,27,2016-12-17T09:25:00Z,34.948,127.783
74DA38A86942,13,2016-12-17T09:25:00Z,35.144,128.557
74DA38A86940,8,2016-12-06T04:10:00Z,37.471,127.038
74DA38A8693E,44,2016-12-17T09:25:00Z,35.502,128.752
74DA38A8693C,42,2016-12-17T09:25:00Z,35.297,127.955
74DA38A8693A,21,2016-12-17T09:25:00Z,34.985,127.824
74DA38A86938,75,2016-12-17T09:25:00Z,35.169,128.057
74DA38A86934,25,2016-12-17T09:25:00Z,34.897,128.693
74DA38A86932,54,2016-12-17T09:25:00Z,34.985,127.824
74DA38A8692C,14,2016-12-17T09:25:00Z,34.986,127.839
74DA38A8692A,30,2016-12-17T09:25:00Z,34.987,127.838
74DA38A86928,28,2016-12-17T09:25:00Z,35.273,128.457
74DA38A86926,35,2016-12-17T09:25:00Z,35.146,128.557
74DA38A86922,4,2016-12-16T05:20:00Z,34.971,127.795
74DA38A86920,38,2016-12-17T09:25:00Z,35.206,128.114
74DA38A8691E,25,2016-12-17T09:25:00Z,35.449,129.075
74DA38A8691C,24,2016-12-17T09:25:00Z,35.415,129.067
74DA38A8691A,25,2016-12-17T09:25:00Z,35.375,129.028
74DA38A86918,33,2016-12-17T09:25:00Z,35.205,128.698
74DA38A86916,39,2016-12-17T09:25:00Z,35.297,127.955
74DA38A86914,24,2016-12-17T09:25:00Z,35.449,129.074
74DA38A86910,18,2016-12-17T09:25:00Z,35.502,128.752
74DA38A8690E,23,2016-12-17T09:25:00Z,35.415,129.067
74DA38A8690C,19,2016-12-07T03:50:00Z,37.471,127.039
74DA38A8690A,17,2016-12-17T09:25:00Z,34.892,128.69
74DA38A86908,20,2016-12-17T09:25:00Z,35.238,128.545
74DA38A86906,26,2016-12-09T06:45:00Z,37.471,127.039
74DA38A86902,14,2016-12-17T09:25:00Z,35.449,129.074
74DA38A86900,21,2016-12-17T09:25:00Z,35.169,128.057
74DA38A7952C,23,2016-12-17T09:25:00Z,1.301,103.896
74DA38A7794C,18,2016-12-14T06:45:00Z,25.042,121.565
74DA38A77948,19,2016-12-11T05:15:00Z,25.061,121.658
74DA389B9A74,0,2016-12-17T09:25:00Z,25.058,121.612
74DA3895E14C,17,2016-12-17T09:25:00Z,24.495,54.379
74DA3895E142,2,2016-12-17T09:25:00Z,24.475,54.317
74DA3895E0E2,38,2016-12-17T09:05:00Z,24.305,120.713
74DA3895E0E0,44,2016-12-17T09:25:00Z,24.195,120.56
74DA3895E0DE,46,2016-12-15T05:25:00Z,24.194,120.547
74DA3895E0DC,19,2016-12-14T13:50:00Z,24.19,120.592
74DA3895E0BE,46,2016-12-17T09:25:00Z,24.125,120.671
74DA3895E0B0,39,2016-12-17T09:25:00Z,24.143,120.613
74DA3895E0AE,43,2016-12-17T09:25:00Z,23.879,120.362
74DA3895E0AC,37,2016-12-17T09:25:00Z,24.216,120.651
74DA3895E0A8,36,2016-12-17T09:25:00Z,24.184,120.613
74DA3895E0A6,9,2016-12-15T11:25:00Z,22.998,121.287
74DA3895E0A4,40,2016-12-17T09:25:00Z,24.156,120.568
74DA3895E09C,32,2016-12-17T09:25:00Z,22.903,121.128
74DA3895E09A,34,2016-12-17T09:25:00Z,22.931,121.139
74DA3895E098,6,2016-12-10T01:20:00Z,22.75,121.14
74DA3895E096,44,2016-12-17T09:25:00Z,24.233,120.556
74DA3895E078,38,2016-12-17T09:25:00Z,24.085,120.558
74DA3895E076,46,2016-12-17T09:25:00Z,24.018,120.695
74DA3895E074,47,2016-12-17T09:25:00Z,23.963,120.568
74DA3895E072,124,2016-12-17T09:25:00Z,24.287,120.584
74DA3895E070,41,2016-12-17T09:25:00Z,24.113,120.622
74DA3895E06E,48,2016-12-17T09:25:00Z,24.308,120.708
74DA3895E068,46,2016-12-17T09:25:00Z,23.322,120.27
74DA3895E04C,43,2016-12-17T09:25:00Z,22.972,120.355
74DA3895DFF6,40,2016-12-17T09:25:00Z,23.329,120.26
74DA3895DFD0,38,2016-12-17T09:25:00Z,24.108,120.632
74DA3895DFCE,59,2016-12-17T09:25:00Z,23.451,120.465
74DA3895DFCC,49,2016-12-17T09:25:00Z,24.091,120.688
74DA3895DFCA,58,2016-12-17T09:25:00Z,23.447,120.477
74DA3895DFC8,50,2016-12-17T09:25:00Z,24.03,120.678
74DA3895DFC6,51,2016-12-17T09:25:00Z,24.151,120.674
74DA3895DFC4,35,2016-12-17T09:25:00Z,24.181,120.613
74DA3895DFBE,1,2016-12-17T09:25:00Z,-37.888,144.998
74DA3895DFBC,12,2016-11-29T16:15:01Z,24.965,121.194
74DA3895DFB6,66,2016-12-16T09:00:00Z,24.186,120.643
74DA3895DFB4,51,2016-12-17T09:25:00Z,24.071,120.643
74DA3895DFB2,34,2016-12-17T09:25:00Z,22.669,120.3
74DA3895DFB0,31,2016-12-17T09:25:00Z,22.879,121.214
74DA3895DFAA,59,2016-12-17T09:25:00Z,24.122,120.499
74DA3895DFA8,35,2016-12-16T13:20:00Z,25.062,121.451
74DA3895DFA6,33,2016-12-15T02:50:00Z,24.309,120.942
74DA3895DFA4,201,2016-12-17T09:25:00Z,23.961,120.468
74DA3895DFA2,27,2016-12-17T09:25:00Z,23.343,121.456
74DA3895DF9E,53,2016-12-17T09:25:00Z,24.355,120.624
74DA3895DF9C,32,2016-12-17T09:25:00Z,23.6,121.521
74DA3895C5B4,35,2016-12-17T09:25:00Z,24.112,120.667
74DA3895C5B0,57,2016-12-06T03:45:01Z,25.04,121.614
74DA3895C5AE,52,2016-12-06T03:45:01Z,25.04,121.614
74DA3895C5AA,52,2016-12-06T03:50:01Z,25.04,121.614
74DA3895C5A8,52,2016-12-06T03:50:01Z,24.162,120.616
74DA3895C5A2,57,2016-12-06T03:50:01Z,25.04,121.614
74DA3895C598,39,2016-12-17T09:25:00Z,24.148,120.637
74DA3895C596,46,2016-12-17T09:25:00Z,24.131,120.644
74DA3895C590,46,2016-12-17T09:25:00Z,24.252,120.739
74DA3895C58E,48,2016-12-17T09:25:00Z,24.18,120.666
74DA3895C588,48,2016-12-17T09:25:00Z,24.14,120.64
74DA3895C57E,166,2016-12-17T09:25:00Z,24.303,120.707
74DA3895C576,43,2016-12-17T09:25:00Z,24.164,120.715
74DA3895C572,67,2016-12-17T09:25:00Z,24.25,120.673
74DA3895C56C,43,2016-12-17T09:25:00Z,24.119,120.67
74DA3895C56A,35,2016-12-11T08:35:00Z,24.249,120.701
74DA3895C560,59,2016-12-17T09:25:00Z,24.176,120.685
74DA3895C55E,41,2016-12-17T09:25:00Z,24.115,120.657
74DA3895C55C,42,2016-12-17T09:25:00Z,24.174,120.578
74DA3895C55A,43,2016-12-17T09:25:00Z,24.308,120.704
74DA3895C54C,40,2016-12-17T09:25:00Z,24.179,120.615
74DA3895C54A,101,2016-12-17T09:25:00Z,23.933,120.669
74DA3895C540,51,2016-12-05T12:55:00Z,22.373,114.109
74DA3895C524,48,2016-12-10T22:55:00Z,24.117,120.663
74DA3895C514,52,2016-12-06T03:50:01Z,25.04,121.614
74DA3895C502,52,2016-12-06T03:45:01Z,25.04,121.614
74DA3895C4F2,48,2016-12-06T03:35:01Z,25.04,121.614
74DA3895C4F0,53,2016-12-06T03:50:01Z,25.04,121.614
74DA3895C4EC,53,2016-12-06T03:50:01Z,25.04,121.614
74DA3895C4EA,48,2016-12-06T03:30:01Z,25.04,121.614
74DA3895C4E8,52,2016-12-06T03:50:01Z,25.04,121.614
74DA3895C4E6,45,2016-12-06T03:50:01Z,25.04,121.614
74DA3895C4CE,36,2016-12-17T09:25:00Z,24.113,120.504
74DA3895C4CC,49,2016-12-06T03:40:00Z,25.04,121.614
74DA3895C4A8,54,2016-12-06T03:50:01Z,25.039,121.614
74DA3895C488,47,2016-12-06T03:45:01Z,25.04,121.614
74DA3895C486,49,2016-12-06T03:50:01Z,25.04,121.614
74DA3895C482,45,2016-12-06T03:50:01Z,24.162,120.616
74DA3895C47E,53,2016-12-06T03:40:00Z,25.04,121.614
74DA3895C47C,48,2016-12-06T03:50:01Z,25.039,121.614
74DA3895C46C,55,2016-12-06T03:45:01Z,25.04,121.614
74DA3895C466,51,2016-12-17T09:25:00Z,24.173,120.652
74DA3895C45A,54,2016-12-06T03:45:01Z,25.04,121.614
74DA3895C458,51,2016-12-06T03:40:00Z,25.04,121.614
74DA3895C446,51,2016-12-17T09:25:00Z,21.004,105.847
74DA3895C442,7,2016-12-17T09:25:00Z,35.119,-89.934
74DA3895C440,39,2016-12-15T02:35:00Z,22.674,120.478
74DA3895C43E,3,2016-12-17T09:25:00Z,42.344,-71.103
74DA3895C43A,52,2016-12-06T03:45:01Z,25.04,121.614
74DA3895C438,15,2016-12-07T04:25:00Z,25.007,121.482
74DA3895C436,15,2016-12-17T09:25:00Z,24.062,120.541
74DA3895C434,49,2016-12-06T03:50:01Z,25.04,121.614
74DA3895C432,55,2016-12-06T03:45:01Z,25.04,121.614
74DA3895C430,51,2016-12-06T03:45:01Z,25.04,121.614
74DA3895C42E,39,2016-12-17T09:25:00Z,24.35,120.614
74DA3895C41E,13,2016-12-17T09:25:00Z,14.647,121.071
74DA3895C41A,45,2016-12-17T09:25:00Z,24.154,120.648
74DA3895C418,39,2016-12-17T09:25:00Z,24.215,120.705
74DA3895C416,9,2016-12-17T09:25:00Z,25.04,121.614
74DA3895C410,41,2016-12-17T09:25:00Z,24.087,120.581
74DA3895C40E,39,2016-12-17T09:25:00Z,24.173,120.696
74DA3895C40A,34,2016-12-17T09:25:00Z,24.407,120.642
74DA3895C408,52,2016-12-06T03:50:01Z,25.04,121.614
74DA3895C406,15,2016-12-17T09:25:00Z,25.015,121.431
74DA3895C3FE,20,2016-12-14T17:00:00Z,24.155,120.667
74DA3895C3FC,52,2016-12-06T03:50:01Z,25.04,121.614
74DA3895C3F0,31,2016-12-17T09:25:00Z,24.126,120.512
74DA3895C3EE,60,2016-12-17T09:25:00Z,24.172,120.671
74DA3895C3EC,44,2016-12-17T09:25:00Z,24.109,120.688
74DA3895C3EA,50,2016-12-17T09:25:00Z,24.018,120.656
74DA3895C3E8,43,2016-12-17T09:25:00Z,24.154,120.65
74DA3895C3E4,47,2016-12-06T03:45:01Z,25.04,121.614
74DA3895C3E2,46,2016-12-17T09:25:00Z,24.141,120.657
74DA3895C3DC,41,2016-12-17T09:25:00Z,24.153,120.631
74DA3895C3D8,54,2016-12-06T03:50:01Z,25.04,121.614
74DA3895C3CC,45,2016-12-17T09:25:00Z,24.109,120.599
74DA3895C3CA,24,2016-12-17T09:25:00Z,24.14,120.656
74DA3895C3C6,51,2016-12-06T03:45:01Z,24.162,120.616
74DA3895C3C4,52,2016-12-06T03:45:01Z,25.04,121.614
74DA3895C3C0,44,2016-12-17T09:25:00Z,24.091,120.69
74DA3895C3BE,52,2016-12-17T09:25:00Z,24.107,120.621
74DA3895C3BA,48,2016-12-06T03:50:01Z,25.04,121.614
74DA3895C3B8,39,2016-12-17T09:25:00Z,24.137,120.658
74DA3895C3B6,54,2016-12-06T03:45:01Z,24.162,120.616
74DA3895C3B4,42,2016-12-12T05:30:00Z,24.163,120.695
74DA3895C3B2,44,2016-12-16T01:20:00Z,24.801,120.972
74DA3895C3B0,53,2016-12-06T03:50:01Z,25.04,121.614
74DA3895C3AE,37,2016-12-17T09:25:00Z,24.175,120.617
74DA3895C3AC,38,2016-12-17T09:25:00Z,24.304,120.717
74DA3895C3A0,50,2016-12-06T03:45:01Z,25.04,121.614
74DA3895C39E,34,2016-12-17T09:25:00Z,23.046,120.217
74DA3895C39A,42,2016-12-17T09:25:00Z,24.145,120.725
74DA3895C398,49,2016-12-17T09:25:00Z,24.067,120.701
74DA3895C396,89,2016-12-17T09:25:00Z,24.266,120.566
74DA3895C394,38,2016-12-17T09:25:00Z,24.302,120.72
74DA3895C392,39,2016-12-17T09:25:00Z,24.186,120.698
74DA3895C38E,37,2016-12-17T09:25:00Z,24.313,120.729
74DA3895C38C,33,2016-12-17T09:25:00Z,24.314,120.719
74DA3895C38A,53,2016-12-17T09:25:00Z,24.122,120.735
74DA3895C376,37,2016-12-17T09:25:00Z,24.139,120.597
74DA3895C372,43,2016-12-17T09:25:00Z,22.662,120.49
74DA3895C36E,13,2016-12-07T04:30:00Z,25.007,121.483
74DA3895C36C,14,2016-12-07T04:30:00Z,25.007,121.483
74DA3895C368,44,2016-12-17T09:25:00Z,24.057,120.697
74DA3895C366,52,2016-12-17T09:25:00Z,24.094,120.647
74DA3895C362,45,2016-12-17T09:25:00Z,24.288,120.723
74DA3895C35E,44,2016-12-17T09:25:00Z,24.308,120.715
74DA3895C358,6,2016-12-17T08:15:00Z,24.967,121.187
74DA3895C356,152,2016-12-09T05:00:00Z,25.062,121.451
74DA3895C354,14,2016-12-17T09:25:00Z,24.627,121.794
74DA3895C348,39,2016-12-17T09:25:00Z,24.124,120.632
74DA3895C346,5,2016-12-17T09:25:00Z,29.699,-82.404
74DA3895C344,28,2016-12-17T09:25:00Z,14.077,100.613
74DA3895C342,5,2016-12-13T10:45:00Z,29.637,-82.416
74DA3895C33C,51,2016-12-06T03:20:00Z,25.04,121.614
74DA3895C33A,16,2016-12-17T09:25:00Z,24.596,121.835
74DA3895C338,48,2016-12-06T03:45:01Z,25.04,121.614
74DA3895C332,13,2016-12-17T09:25:00Z,25.071,121.364
74DA3895C330,23,2016-12-17T09:25:00Z,24.75,121.006
74DA3895C32A,9,2016-12-17T09:25:00Z,25.012,121.519
74DA3895C326,26,2016-12-17T09:25:00Z,24.609,120.761
74DA3895C324,41,2016-12-17T09:25:00Z,24.226,120.582
74DA3895C322,46,2016-12-17T09:25:00Z,24.116,120.663
74DA3895C320,42,2016-12-17T09:25:00Z,24.19,120.619
74DA3895C31E,45,2016-12-17T09:25:00Z,24.156,120.637
74DA3895C31C,41,2016-12-17T09:25:00Z,24.344,120.618
74DA3895C318,4,2016-12-17T09:25:00Z,24.134,120.724
74DA3895C314,45,2016-12-17T09:25:00Z,24.214,120.631
74DA3895C312,41,2016-12-17T09:25:00Z,24.187,120.595
74DA3895C30C,40,2016-12-17T09:25:00Z,24.162,120.723
74DA3895C30A,41,2016-12-17T09:25:00Z,24.225,120.714
74DA3895C308,42,2016-12-17T09:25:00Z,24.063,120.533
74DA3895C306,55,2016-12-17T09:25:00Z,24.047,120.429
74DA3895C304,41,2016-12-17T09:25:00Z,24.263,120.743
74DA3895C2FE,15,2016-12-17T09:25:00Z,39.171,-86.474
74DA3895C2FC,2,2016-12-17T09:25:00Z,42.327,-71.108
74DA3895C2FA,38,2016-12-17T09:25:00Z,24.139,120.593
74DA3895C2F8,48,2016-12-17T09:25:00Z,24.12,120.734
74DA3895C2F4,20,2016-12-17T09:25:00Z,25.033,121.554
74DA3895C2F2,69,2016-12-17T09:25:00Z,24.299,120.577
74DA3895C2F0,13,2016-12-17T09:25:00Z,24.786,120.997
74DA3895C2E8,13,2016-12-07T20:10:00Z,32.284,34.872
74DA3895C2E4,23,2016-12-17T09:25:00Z,24.168,120.662
74DA3895C2E2,34,2016-12-17T09:25:00Z,24.157,120.664
74DA3895C2DC,61,2016-12-17T09:25:00Z,37.54,127.073
74DA3895C2DA,2,2016-12-15T22:50:00Z,38.88,-77.114
74DA3895C2D4,69,2016-12-17T09:25:00Z,23.717,120.546
74DA3895C2C4,39,2016-12-17T09:25:00Z,24.19,120.614
74DA3895C2C0,38,2016-12-17T09:25:00Z,24.149,120.67
74DA3895C2BE,42,2016-12-17T09:25:00Z,24.164,120.731
74DA3895C2BC,28,2016-12-16T18:40:00Z,24.185,120.604
74DA3895C2BA,54,2016-12-17T09:25:00Z,24.216,120.567
74DA3895C2B8,35,2016-12-17T09:25:00Z,24.166,120.682
74DA3895C2B6,38,2016-12-17T09:25:00Z,24.394,120.603
74DA3895C2B4,132,2016-12-17T09:25:00Z,24.175,120.67
74DA3895C2B2,48,2016-12-17T09:25:00Z,23.897,120.419
74DA3895C2B0,37,2016-12-17T09:25:00Z,22.992,120.158
74DA3895C2AE,47,2016-12-17T09:25:00Z,24.198,120.662
74DA3895C2AC,55,2016-12-06T03:50:01Z,25.04,121.614
74DA3895C2AA,42,2016-12-17T09:25:00Z,24.14,120.715
74DA3895C2A2,49,2016-12-17T09:25:00Z,24.165,120.573
74DA3895C2A0,54,2016-12-06T03:45:01Z,25.04,121.614
74DA3895C294,46,2016-12-17T09:25:00Z,24.151,120.633
74DA3895C292,50,2016-12-17T09:25:00Z,24.143,120.655
74DA3895C290,56,2016-12-06T03:45:01Z,25.04,121.614
74DA3895C28E,52,2016-12-06T03:50:01Z,25.04,121.614
74DA3895C286,55,2016-12-06T03:50:01Z,25.04,121.614
74DA3895C284,51,2016-12-06T03:50:01Z,25.04,121.614
74DA3895C280,60,2016-12-06T03:50:01Z,25.039,121.614
74DA3895C27C,54,2016-12-06T03:45:01Z,24.162,120.616
74DA3895C270,52,2016-12-17T09:25:00Z,24.15,120.696
74DA3895C230,45,2016-12-17T09:25:00Z,24.147,120.638
74DA3895C22A,36,2016-12-09T14:55:00Z,24.26,120.816
74DA3895C224,43,2016-12-17T09:25:00Z,24.136,120.635
74DA3895C222,33,2016-12-17T09:25:00Z,24.184,120.602
74DA3895C21E,38,2016-12-17T09:25:00Z,24.191,120.612
74DA3895C21C,54,2016-12-06T03:40:00Z,25.04,121.614
74DA3895C21A,47,2016-12-06T03:45:01Z,25.04,121.614
74DA3895C218,34,2016-12-17T09:25:00Z,24.136,120.665
74DA3895C214,4,2016-12-12T01:10:00Z,24.115,120.631
74DA3895C212,38,2016-12-17T09:25:00Z,24.127,120.614
74DA3895C210,50,2016-12-17T09:25:00Z,24.188,120.702
74DA3895C20A,43,2016-12-17T09:25:00Z,24.167,120.692
74DA3895C208,43,2016-12-17T09:25:00Z,24.161,120.648
74DA3895C1FE,41,2016-12-06T16:40:01Z,24.176,120.608
74DA3895C1FA,63,2016-12-17T03:55:00Z,24.188,120.595
74DA388FF744,28,2016-12-17T09:25:00Z,35.174,128.557
74DA388FF73C,46,2016-12-17T09:25:00Z,37.023,127.838
74DA388FF6D0,55,2016-12-17T09:25:00Z,51.15,6.453
74DA388FF670,31,2016-12-16T10:00:00Z,10.975,106.669
74DA388FF65C,59,2016-12-17T09:25:00Z,23.553,120.468
74DA388FF65A,49,2016-12-17T09:25:00Z,23.495,120.455
74DA388FF5C4,8,2016-12-17T09:25:00Z,25.223,55.282
74DA388FF5BC,25,2016-12-17T09:25:00Z,33.588,130.423
74DA388FF55E,11,2016-12-13T09:15:00Z,25.062,121.585
74DA388FF552,66,2016-12-17T09:25:00Z,52.182,21.001
74DA388FF54C,9,2016-12-07T05:45:01Z,-6.202,106.8
74DA388FF534,20,2016-12-17T02:20:00Z,50.938,-114.084
74DA388FF52E,11,2016-12-17T09:25:00Z,25.062,121.582
74DA388FF502,22,2016-12-17T09:25:00Z,25.062,121.451
74DA388FF4FA,10,2016-12-17T09:25:00Z,25.031,121.443
74DA388FF4F8,33,2016-12-13T03:10:00Z,22.984,120.201
74DA388FF4CA,11,2016-12-17T09:25:00Z,25.018,121.536
74DA388FF4BC,14,2016-12-17T09:25:00Z,25.062,121.451
74DA388FF4B4,5,2016-12-17T09:25:00Z,25.021,121.535
74DA388FF49E,10,2016-12-17T09:25:00Z,25.019,121.538
74DA388FF498,9,2016-12-17T09:25:00Z,25.018,121.536
74DA388FF43C,15,2016-12-17T09:25:00Z,25.019,121.538
74DA388FF43A,12,2016-12-17T09:25:00Z,25.015,121.537
74DA388FF432,52,2016-12-16T09:05:00Z,23.672,120.797
74DA388FF430,13,2016-12-17T09:25:00Z,25.017,121.538
74DA388FF42E,34,2016-12-17T09:25:00Z,24.153,120.657
74DA388FF42C,13,2016-12-17T09:25:00Z,25.017,121.54
74DA388FF42A,10,2016-12-17T09:25:00Z,25.011,121.536
74DA388FF406,2,2016-12-17T09:25:00Z,51.042,-114.136
74DA388FF3F6,4,2016-12-17T09:25:00Z,51.083,-114.13
74DA388FF3F0,9,2016-12-17T09:25:00Z,51.022,-114.108
74DA388FF3EE,0,2016-12-17T09:25:00Z,51.128,-114.154
74DA388FF3D0,75,2016-12-17T09:25:00Z,25.037,121.499
74DA388FF3BA,68,2016-12-17T09:25:00Z,25.036,121.499
74DA388FF3B4,4,2016-12-17T09:25:00Z,36.576,136.619
74DA388FF3B2,11,2016-12-17T09:25:00Z,25.015,121.537
74DA388FF3AE,10,2016-12-17T09:25:00Z,25.017,121.54
74DA388FF3A6,29,2016-12-14T18:15:00Z,23.763,120.691
74DA388FF3A4,9,2016-12-17T09:25:00Z,25.015,121.542
28C2DDDD47E7,21,2016-12-17T09:25:00Z,24.795,120.996
28C2DDDD47E3,11,2016-12-17T09:25:00Z,25.062,121.582
28C2DDDD47DE,2,2016-12-16T10:00:00Z,35.123,138.879
28C2DDDD47DB,10,2016-12-17T09:25:00Z,25.002,121.55
28C2DDDD47D7,12,2016-12-17T09:25:00Z,25.047,121.297
28C2DDDD47D6,41,2016-12-17T09:25:00Z,24.461,118.452
28C2DDDD47CE,11,2016-12-17T09:25:00Z,25.064,121.513
28C2DDDD47CC,9,2016-12-17T09:25:00Z,25.053,121.535
28C2DDDD47CB,58,2016-12-17T09:25:00Z,23.487,120.427
28C2DDDD47C8,11,2016-12-17T09:25:00Z,25.027,121.545
28C2DDDD47C7,27,2016-12-17T09:25:00Z,22.628,120.332
28C2DDDD47C6,10,2016-12-17T09:25:00Z,25.019,121.532
28C2DDDD47C5,20,2016-12-17T09:25:00Z,22.673,121.471
28C2DDDD47C0,36,2016-12-17T09:25:00Z,22.61,120.317
28C2DDDD47BC,34,2016-12-17T09:25:00Z,24.179,120.601
28C2DDDD47BB,38,2016-12-16T02:40:00Z,25.0,121.567
28C2DDDD47B9,17,2016-12-13T08:20:00Z,25.049,121.449
28C2DDDD47AD,61,2016-12-17T09:25:00Z,23.471,120.431
28C2DDDD47A8,9,2016-12-17T09:25:00Z,25.04,121.614
28C2DDDD47A4,11,2016-12-17T09:25:00Z,24.989,121.557
28C2DDDD47A2,37,2016-12-17T09:25:00Z,10.975,106.669
28C2DDDD479F,38,2016-12-17T09:25:00Z,22.961,120.323
28C2DDDD479E,13,2016-12-17T09:25:00Z,24.988,121.556
28C2DDDD479C,44,2016-12-17T09:25:00Z,22.977,120.275
28C2DDDD4790,14,2016-12-17T03:00:00Z,25.086,121.56
28C2DDDD478C,12,2016-12-17T09:25:00Z,25.054,121.553
28C2DDDD4781,52,2016-12-17T09:25:00Z,23.483,120.443
28C2DDDD477E,39,2016-12-17T09:25:00Z,25.037,121.499
28C2DDDD4774,17,2016-12-17T09:25:00Z,25.012,121.552
28C2DDDD46F1,26,2016-12-17T09:25:00Z,25.045,121.446
28C2DDDD4625,23,2016-12-17T09:25:00Z,1.342,103.964
28C2DDDD4620,11,2016-12-17T09:25:00Z,25.101,121.554
28C2DDDD4616,44,2016-12-17T09:25:00Z,1.323,103.869
28C2DDDD45FC,16,2016-12-17T09:25:00Z,25.08,121.571
28C2DDDD45FA,25,2016-12-05T21:55:01Z,-6.883,107.672
28C2DDDD45E8,33,2016-12-17T09:25:00Z,24.161,120.638
28C2DDDD45E7,10,2016-12-17T09:25:00Z,24.967,121.538
28C2DDDD45E2,52,2016-12-17T09:25:00Z,23.468,120.453
28C2DDDD45E0,11,2016-12-17T09:25:00Z,25.105,121.514
28C2DDDD45D9,41,2016-12-17T09:25:00Z,15.167,120.6
28C2DDDD45AA,12,2016-12-17T09:25:00Z,25.062,121.451
28C2DDDD45A1,35,2016-12-17T09:25:00Z,25.105,121.482
28C2DDDD459F,12,2016-12-17T09:25:00Z,25.089,121.503
28C2DDDD459D,7,2016-12-17T09:25:00Z,24.98,121.56
28C2DDDD459C,10,2016-12-17T09:25:00Z,25.023,121.535
28C2DDDD459A,13,2016-12-17T09:25:00Z,25.098,121.53
28C2DDDD4599,23,2016-12-17T09:25:00Z,25.031,121.493
28C2DDDD4598,14,2016-12-17T09:25:00Z,25.061,121.51
28C2DDDD4597,38,2016-12-05T12:35:00Z,25.083,121.572
28C2DDDD4594,80,2016-12-06T02:50:00Z,25.08,121.546
28C2DDDD4592,27,2016-12-13T09:40:00Z,25.041,121.614
28C2DDDD458F,9,2016-12-17T09:25:00Z,25.036,121.532
28C2DDDD458A,11,2016-12-17T09:25:00Z,25.112,121.522
28C2DDDD4585,19,2016-12-17T09:25:00Z,25.029,121.506
28C2DDDD4583,7,2016-12-17T09:25:00Z,25.058,121.533
28C2DDDD457E,14,2016-12-17T09:25:00Z,25.061,121.516
28C2DDDD457D,11,2016-12-17T09:25:00Z,25.03,121.518
28C2DDDD457B,58,2016-12-17T09:25:00Z,23.487,120.454
28C2DDDD457A,16,2016-12-17T09:25:00Z,25.013,121.552
28C2DDDD4579,15,2016-12-17T09:25:00Z,25.035,121.57
28C2DDDD4575,13,2016-12-17T09:25:00Z,25.062,121.451
28C2DDDD4572,10,2016-12-17T09:25:00Z,25.042,121.531
28C2DDDD4571,10,2016-12-17T09:25:00Z,25.005,121.537
28C2DDDD456C,35,2016-12-15T11:05:00Z,25.056,121.516
28C2DDDD456A,10,2016-12-17T09:25:00Z,25.035,121.551
28C2DDDD4568,10,2016-12-17T09:25:00Z,25.064,121.516
28C2DDDD4566,16,2016-12-17T09:25:00Z,25.038,121.585
28C2DDDD455E,13,2016-12-17T09:25:00Z,25.023,121.499
28C2DDDD455C,12,2016-12-17T09:25:00Z,25.134,121.5
28C2DDDD4559,31,2016-12-16T13:15:00Z,25.029,121.557
28C2DDDD4539,9,2016-12-17T09:25:00Z,25.11,121.536
28C2DDDD4534,9,2016-12-17T09:25:00Z,25.084,121.507
28C2DDDD4532,50,2016-12-17T09:25:00Z,24.682,121.125
28C2DDDD452E,24,2016-12-01T01:40:00Z,25.038,121.548
28C2DDDD4528,22,2016-11-29T09:55:58Z,25.037,121.564
28C2DDDD4525,29,2016-11-30T09:25:01Z,14.176,100.694
28C2DDDD4524,35,2016-12-04T13:05:01Z,24.785,120.988
28C2DDDD451B,10,2016-12-17T09:25:00Z,25.005,121.587
28C2DDDD4519,32,2016-12-13T04:20:00Z,24.78,120.995
28C2DDDD450C,8,2016-12-17T09:25:00Z,25.052,121.563
28C2DDDD4505,5,2016-12-17T09:25:00Z,24.996,121.548
28C2DDDD4501,1,2016-12-17T09:25:00Z,25.057,121.613
28C2DDDD44F8,51,2016-12-17T09:25:00Z,23.954,120.575
28C2DDDD44AA,33,2016-12-17T09:25:00Z,23.848,120.286
28C2DDDD4463,20,2016-12-17T09:25:00Z,16.818,96.195
28C2DDDD443A,11,2016-12-17T09:25:00Z,25.043,121.579
28C2DDDD4423,13,2016-12-17T09:25:00Z,25.062,121.451
28C2DDDD441E,7,2016-12-17T09:25:00Z,25.155,121.503
28C2DDDD4414,15,2016-12-17T09:25:00Z,25.04,121.619
28C2DDDD4413,19,2016-12-17T09:25:00Z,25.063,121.526
28C2DDDD4408,34,2016-12-16T11:25:00Z,25.059,121.551
28C2DDDD43FD,14,2016-12-17T09:25:00Z,25.053,121.593
28C2DDDD43FC,8,2016-12-17T09:25:00Z,25.031,121.563
28C2DDDD4394,9,2016-12-17T09:25:00Z,25.047,121.57
28C2DDDD4380,29,2016-12-13T18:45:00Z,25.103,121.535
28C2DDDD437D,35,2016-12-10T16:50:00Z,25.037,121.535
28C2DDDD437C,38,2016-12-01T11:30:01Z,25.073,121.601
28C2DDDD4378,9,2016-12-17T09:25:00Z,25.056,121.562
28C2DDDD4377,11,2016-12-17T09:25:00Z,25.033,121.492
28C2DDDD4373,10,2016-12-17T09:25:00Z,25.128,121.576
28C2DDDD4371,24,2016-12-16T09:10:00Z,25.061,121.512
28C2DDDD436F,13,2016-12-17T09:25:00Z,25.023,121.498
28C2DDDD436E,13,2016-12-17T09:25:00Z,25.022,121.522
28C2DDDD436C,10,2016-12-17T03:50:00Z,25.036,121.496
28C2DDDD4367,47,2016-12-16T18:00:00Z,25.056,121.609
28C2DDDD4363,13,2016-12-17T09:25:00Z,25.05,121.443
28C2DDDD4360,11,2016-12-17T09:25:00Z,25.08,121.522
28C2DDDD435C,17,2016-12-17T09:25:00Z,1.324,103.951
28C2DDDD435A,26,2016-12-16T13:15:00Z,24.999,121.559
28C2DDDD4357,38,2016-12-16T07:10:00Z,24.987,121.55
28C2DDDD4354,37,2016-12-16T16:15:00Z,24.99,121.569
28C2DDDD4353,12,2016-12-17T09:25:00Z,25.053,121.513
28C2DDDD434F,18,2016-12-17T09:25:00Z,25.045,121.541
28C2DDDD434D,14,2016-12-17T09:25:00Z,25.067,121.611
28C2DDDD4346,12,2016-12-17T09:25:00Z,25.025,121.514
28C2DDDD4344,11,2016-12-17T09:25:00Z,25.086,121.518
28C2DDDD4343,45,2016-12-17T09:25:00Z,23.482,120.462
28C2DDDD4342,16,2016-12-17T09:25:00Z,25.028,121.556
28C2DDDD433C,36,2016-12-16T04:35:00Z,25.094,121.545
28C2DDDD4338,8,2016-12-17T09:25:00Z,25.149,121.524
28C2DDDD4333,15,2016-12-17T09:25:00Z,25.008,121.516
28C2DDDD4332,13,2016-12-17T09:25:00Z,25.062,121.451
28C2DDDD4331,16,2016-12-02T03:55:01Z,0.373,6.716
28C2DDDD432A,3,2016-12-17T09:25:00Z,35.174,128.558
28C2DDDD4321,11,2016-12-17T09:25:00Z,25.071,121.629
28C2DDDD431C,47,2016-12-17T09:25:00Z,37.46,126.948
28C2DDDD4305,12,2016-12-17T09:25:00Z,25.063,121.541
28C2DDDD42F7,9,2016-12-17T09:25:00Z,24.998,121.539
28C2DDDD42C7,26,2016-12-17T09:25:00Z,24.983,121.534
28C2DDDD4246,13,2016-12-17T09:25:00Z,25.126,121.507
28C2DDDD4244,9,2016-12-17T09:25:00Z,25.12,121.528
28C2DDDD4242,26,2016-12-14T23:35:00Z,25.105,121.531
28C2DDDD4240,27,2016-12-16T12:15:00Z,25.062,121.451
28C2DDDD423C,26,2016-12-16T11:35:00Z,24.99,121.576
28C2DDDD423A,5,2016-12-08T21:35:00Z,25.026,121.498
28C2DDDD4239,12,2016-12-17T09:25:00Z,25.134,121.496
28C2DDDD4237,31,2016-12-17T09:25:00Z,34.891,128.69
28C2DDDD4233,12,2016-12-17T09:25:00Z,25.04,121.52
28C2DDDD4229,34,2016-12-16T08:05:00Z,25.115,121.512
28C2DDDD41FA,13,2016-12-17T09:25:00Z,25.056,121.552
28C2DDDD41ED,35,2016-12-16T11:55:00Z,25.059,121.567
28C2DDDD41EB,13,2016-12-17T09:25:00Z,25.119,121.505
28C2DDDD41C7,39,2016-12-17T09:25:00Z,23.464,120.251
28C2DDDD41B2,11,2016-12-17T09:25:00Z,25.073,121.536
28C2DDDD41A0,23,2016-12-02T09:10:00Z,25.062,121.451
28C2DDDD415F,31,2016-12-17T09:25:00Z,22.996,120.222
28C2DDDD415E,19,2016-11-29T15:05:01Z,25.169,121.538
28C2DDDD415C,22,2016-12-17T09:25:00Z,23.741,120.755
28C2DDDD4154,13,2016-12-17T09:25:00Z,1.37,103.949
28C2DDDD4149,13,2016-12-17T09:25:00Z,25.069,121.615
28C2DDDD4140,27,2016-12-14T15:45:00Z,1.306,103.92
28C2DDDD40FD,16,2016-12-17T09:25:00Z,25.039,121.621
28C2DDDD40F0,34,2016-12-17T09:25:00Z,25.062,121.451
28C2DDDD40E8,20,2016-12-17T09:25:00Z,25.053,121.513
28C2DDDD40E0,28,2016-12-17T09:25:00Z,1.28,103.817
28C2DDDD40CB,27,2016-11-30T03:10:00Z,25.08,121.595
28C2DDDD4023,11,2016-12-17T09:25:00Z,25.112,121.528
28C2DDDD400A,15,2016-12-17T09:25:00Z,25.049,121.548
28C2DDDD4003,10,2016-12-17T09:25:00Z,25.08,121.58
28C2DDDD3FFA,13,2016-12-17T09:25:00Z,25.039,121.621
28C2DDDD3FE7,3,2016-12-17T09:25:00Z,35.706,139.903
